name,date,ag,tag
咩,2022-03-28 08:57,0,0
三,2022-04-04 21:44,1,14
燕,2022-07-16 00:00,5,1
映,2022-03-27 16:21,20,0
匿,2022-03-29 23:37,3,0
灞,2022-03-28 12:25,1,0
繁,2022-06-07 12:03,0,15
M,2022-05-25 22:47,0,0
胖,2022-03-30 20:56,7052,14
俞,2022-05-11 17:05,5479,0
小,2022-03-06 14:45,4303,6
r,2022-05-05 13:45,1606,0
维,2022-03-18 16:36,1329,0
妙,2021-06-05 21:04,3922,0
匿,2021-06-11 18:25,902,4
婚,2022-02-25 23:54,85,2
但,2022-06-08 10:02,924,18
匿,2021-06-04 08:32,265,4
努,2020-03-06 03:45,30,14
匿,2020-05-04 14:30,114,18
秋,2020-03-08 13:55,15,15
就,2020-03-20 13:28,1,0
我,2020-03-05 12:51,16,0
佳,2020-03-04 16:05,1,0
天,2020-03-12 18:46,6,4
匿,2020-03-05 11:09,29,15
丹,2020-03-05 13:20,0,0
匿,2020-03-09 13:18,45,4
燕,2022-03-19 21:40,1,1
水,2021-09-15 13:35,48,0
秦,2021-09-14 13:21,21,15
晓,2021-09-14 19:52,1,15
山,2021-09-21 15:14,0,0
匿,2021-06-15 22:32,594,4
万,2022-03-25 20:12,143,0
风,2022-02-27 15:18,33,2
超,2022-04-15 15:50,259,4
指,2021-10-08 20:12,897,12
赣,2021-06-29 20:28,33,15
大,2021-07-19 10:03,110,4
知,2021-06-30 15:42,106,15
匿,2021-07-02 14:04,85,4
檬,2021-07-01 15:39,5,0
匿,2021-12-31 13:38,44,4
燕,2022-03-15 00:12,1,1
卡,2021-07-06 08:09,5,0
狼,2021-07-04 09:10,2,0
D,2021-07-03 22:37,12,11
爱,2022-05-15 15:10,44,4
燕,2022-06-18 01:19,2,1
叶,2022-06-20 12:10,0,15
B,2022-05-16 18:48,1,11
向,2022-07-06 08:57,0,0
丫,2021-06-25 05:58,1294,0
大,2021-12-11 22:00,1453,4
王,2021-09-02 19:52,473,0
爱,2021-09-02 10:03,530,0
q,2021-12-12 22:00,826,0
何,2021-12-05 16:12,312,15
计,2022-06-06 15:12,1491,6
你,2021-05-31 15:49,258,0
匿,2021-08-22 01:38,315,14
嫪,2022-05-31 19:34,351,11
燕,2022-03-15 00:15,2,1
匿,2021-06-20 13:35,4,4
涛,2021-06-17 14:09,1,0
曹,2021-06-16 10:57,11,15
风,2021-06-22 04:43,1,15
第,2022-04-25 22:28,111,6
莎,2021-12-23 16:22,9,0
投,2021-06-05 10:39,2,15
沐,2021-08-05 12:43,5,14
行,2021-06-05 09:33,31,0
有,2021-12-07 22:49,1,0
板,2021-05-31 17:06,0,14
不,2021-06-10 02:26,0,0
脸,2021-10-30 16:15,2,0
C,2021-06-02 18:34,1,0
燕,2022-03-19 21:40,1,1
c,2021-06-08 10:13,1,0
匿,2021-09-16 00:51,19,13
老,2021-06-02 08:01,1,15
拉,2021-06-08 11:05,1,0
燕,2022-03-15 00:29,0,1
一,2019-07-11 17:27,13,15
S,2019-07-12 17:09,2,0
好,2022-04-25 11:17,0,0
L,2019-07-15 00:43,2,0
燕,2022-06-26 21:40,2,1
咯,2021-09-15 12:42,3,0
雨,2021-09-15 12:32,1,15
小,2021-09-15 14:20,1,14
角,2021-09-15 12:32,1,0
燕,2022-06-12 01:47,0,1
会,2019-03-30 09:07,14,15
A,2021-07-03 16:19,0,14
匿,2021-10-03 21:34,3,4
小,2019-03-27 13:50,3,0
小,2022-01-09 18:22,3,15
燕,2022-03-15 00:17,1,1
S,2019-08-17 03:26,0,0
老,2019-09-23 08:52,0,0
丑,2019-10-02 12:45,4,0
幺,2022-01-08 02:26,27,4
燕,2022-03-19 21:38,1,1
Y,2022-01-10 16:26,0,0
依,2022-01-08 13:01,1,0
人,2022-04-01 16:55,0,0
燕,2022-03-19 21:37,0,1
长,2019-11-20 19:43,0,15
匿,2019-11-25 01:24,14,0
大,2019-11-25 08:30,1,0
v,2021-11-03 22:42,0,0
燕,2022-06-14 14:36,1,1
小,2019-09-10 00:29,23,18
波,2022-03-03 21:07,2,6
奈,2019-09-11 19:44,0,0
红,2022-06-06 16:12,0,15
乐,2021-06-01 19:18,14,0
公,2021-08-21 08:48,3,0
燕,2022-03-15 00:03,0,1
L,2021-02-14 19:00,5,14
米,2021-02-14 10:43,0,0
H,2021-07-08 11:25,6,0
燕,2022-03-19 21:33,0,1
D,2021-07-02 09:57,3,15
冷,2021-07-07 05:30,1,0
小,2021-07-07 08:30,5,0
匿,2021-06-15 22:32,594,4
万,2022-03-25 20:12,143,0
风,2022-02-27 15:18,33,2
超,2022-04-15 15:50,259,4
指,2021-10-08 20:12,897,12
西,2021-10-04 23:25,8,0
匿,2021-09-29 21:27,9,0
风,2022-02-27 15:18,11,2
燕,2022-03-14 23:59,6,1
心,2021-11-11 21:04,5,0
妙,2021-06-05 21:04,3922,0
匿,2021-06-11 18:25,902,4
婚,2022-02-25 23:54,85,2
但,2022-06-08 10:02,924,18
匿,2021-06-04 08:32,265,4
小,2021-01-07 16:31,41000,16
一,2020-12-10 14:40,2191,15
e,2020-12-10 11:16,4778,0
令,2020-12-10 09:22,2052,14
鲁,2020-12-10 14:38,2821,4
燕,2022-07-07 01:15,3,1
阿,2022-01-23 22:52,0,15
璐,2021-10-27 14:40,40,15
o,2022-02-01 18:00,7,0
苏,2021-10-08 21:46,8,6
行,2021-07-08 17:47,0,0
小,2021-07-07 15:04,0,0
燕,2022-03-15 00:46,0,1
h,2021-07-06 11:25,1,0
彩,2021-07-06 12:34,4,0
做,2021-07-28 22:31,0,15
匿,2021-11-25 02:17,0,0
W,2021-07-27 14:46,0,15
E,2021-06-13 07:33,0,0
全,2022-06-10 17:51,0,6
不,2021-06-13 15:46,0,0
远,2021-06-13 14:02,0,0
V,2021-06-13 13:37,0,0
云,2021-06-13 10:51,0,0
李,2021-06-13 07:11,0,0
蚂,2022-06-19 09:41,1,14
半,2022-06-19 00:39,1,0
欣,2021-04-03 01:32,0,14
燕,2022-03-19 21:35,0,1
瑶,2021-04-03 22:28,0,0
龙,2021-04-02 11:28,0,0
乱,2021-04-02 11:23,0,0
燕,2022-05-21 23:59,0,1
一,2022-03-04 20:38,4,4
知,2022-01-01 19:07,0,15
南,2022-01-01 18:40,0,0
武,2021-05-31 15:49,679,11
香,2021-06-05 02:16,2599,4
黑,2021-12-12 14:52,160,15
努,2021-06-01 16:03,146,0
陈,2021-05-31 17:35,95,0
T,2021-05-31 17:29,77,11
零,2021-05-31 17:08,125,14
艾,2021-05-31 19:35,370,0
远,2021-06-01 10:58,1193,7
野,2021-06-02 09:52,16,14
痞,2020-06-22 17:38,240,18
李,2020-06-30 11:33,13,15
柒,2020-07-19 01:12,221,6
夏,2020-06-29 00:13,34,0
K,2020-06-30 23:09,7,4
无,2020-06-22 12:52,2,0
她,2020-07-19 14:30,4,18
燕,2022-03-15 00:22,1,1
昨,2020-07-30 09:46,1,4
茶,2020-07-01 23:22,5,15
小,2020-10-07 23:48,1346,4
匿,2021-07-02 21:46,6511,9
盐,2019-09-17 19:35,384,11
宁,2019-06-03 16:34,3504,4
跑,2019-11-27 08:45,480,0
扇,2019-11-07 17:05,309,14
西,2019-07-01 10:01,4,6
抽,2019-07-02 11:32,9,15
匿,2019-07-01 21:38,18,0
歆,2019-07-04 19:18,6,0
木,2019-07-01 09:40,39,0
鱼,2019-06-30 08:30,28,0
陋,2019-07-01 22:17,2,0
V,2019-07-04 18:44,3,0
吃,2019-07-01 21:44,15,0
知,2019-07-02 03:31,6,4
羊,2019-07-02 21:43,1,15
天,2019-07-01 19:19,5,15
f,2019-07-02 18:42,1,0
知,2019-07-11 07:05,0,0
燕,2022-05-22 00:32,2,1
条,2022-04-10 11:58,0,15
蜜,2022-04-15 13:05,1,0
蕾,2022-04-14 16:21,0,0
鱼,2022-04-09 14:18,1,0
启,2022-07-27 20:29,0,10
c,2022-04-12 17:15,0,0
燕,2022-06-12 01:52,0,1
有,2022-07-04 10:55,2,15
普,2020-07-13 21:34,0,15
t,2020-06-14 14:45,2,0
一,2020-08-08 01:33,0,15
天,2022-06-29 03:46,172,4
燕,2022-03-10 01:56,2,1
二,2020-09-17 09:15,8,4
黛,2020-09-17 21:22,1,0
喵,2020-09-17 13:08,0,0
燕,2022-03-15 00:49,0,1
玳,2019-12-24 17:31,9,6
匿,2020-04-29 20:16,2,0
郎,2021-06-03 15:43,1,0
子,2020-09-13 20:04,1,0
燕,2022-03-15 00:32,0,1
l,2020-07-14 07:30,1,15
晃,2022-01-16 22:04,0,15
包,2021-06-03 10:02,1567,14
康,2021-06-02 22:10,681,15
雾,2021-05-31 22:53,3368,0
E,2022-03-02 22:28,734,15
张,2021-06-09 10:16,1661,6
V,2021-06-05 22:19,5030,15
杜,2022-01-25 14:30,308,0
烟,2021-06-11 17:04,379,4
寻,2021-06-03 04:55,1787,6
邢,2021-06-02 16:06,372,4
发,2021-11-18 18:35,11,0
燕,2022-07-07 01:28,0,1
盈,2021-10-18 14:46,0,15
棉,2021-10-28 08:54,6,0
h,2021-11-06 10:32,0,0
y,2020-03-25 13:24,0,0
小,2020-03-25 17:04,0,15
宅,2020-03-24 05:40,0,0
怎,2020-03-28 14:09,0,0
最,2020-08-26 11:39,0,0
匿,2020-04-24 09:04,3,14
思,2022-01-07 18:05,0,15
小,2020-05-11 22:25,0,0
M,2022-07-02 11:23,0,15
微,2021-04-18 08:17,1,15
树,2021-04-17 14:21,0,6
传,2021-05-15 09:30,0,0
赴,2022-06-05 08:13,2,15
小,2021-05-24 17:36,0,0
酱,2021-04-17 04:52,0,0
苏,2021-04-12 20:23,0,0
小,2021-04-11 13:35,0,0
匿,2021-04-11 13:29,0,14
空,2019-05-12 07:00,44,0
匿,2019-04-22 20:51,51,15
赛,2022-01-10 14:47,10,0
贫,2019-04-24 09:12,2,0
小,2022-01-12 09:49,1,0
染,2019-05-07 16:30,2,0
燕,2022-07-01 06:45,8,1
不,2019-04-22 10:55,7,0
小,2019-04-22 13:53,14,0
知,2020-02-19 02:19,3,6
匿,2021-09-06 17:30,16,4
菁,2021-07-01 20:10,0,0
燕,2022-03-15 00:16,0,1
匿,2021-05-08 07:11,13,4
匿,2021-05-07 18:46,9,15
燕,2022-06-30 13:08,1,1
鱼,2019-07-26 07:33,1,0
A,2019-08-14 17:06,17,6
心,2020-04-13 10:39,3,4
晶,2019-07-25 19:06,1,0
宝,2021-09-27 16:15,14,0
兰,2021-10-19 22:46,2,4
浅,2021-10-17 23:59,1,0
九,2021-10-27 14:30,0,15
K,2021-10-09 15:30,1,0
惠,2021-11-17 10:53,1,0
波,2021-11-16 21:55,1,14
李,2021-11-03 10:01,1,14
冯,2021-10-05 18:14,0,15
叫,2021-11-16 21:30,0,0
燕,2022-03-15 00:19,0,1
哲,2021-03-28 22:38,1,0
珍,2021-03-10 11:10,0,0
白,2021-03-10 18:13,0,0
墨,2021-03-19 15:05,3,0
匿,2020-01-09 15:46,492,0
时,2020-01-13 09:32,1156,14
L,2020-01-06 17:31,309,0
亲,2020-01-10 21:03,147,0
找,2020-01-04 18:35,128,14
咸,2020-01-10 20:11,103,14
匿,2020-01-09 18:55,189,0
笑,2020-01-10 20:55,84,15
熊,2020-01-10 21:16,47,0
G,2020-01-13 03:17,12,15
离,2020-01-06 17:31,70,0
茉,2020-01-09 16:49,53,15
珊,2020-01-07 23:56,4,15
星,2020-01-10 23:51,41,15
浅,2020-01-11 05:50,15,15
那,2019-07-14 11:41,0,0
王,2019-07-15 09:19,1,0
大,2019-07-16 10:17,0,0
太,2019-08-14 15:21,0,0
喵,2021-07-05 19:37,16,15
少,2021-06-09 14:10,34,6
燕,2022-03-15 00:32,0,1
匿,2021-09-12 00:15,72,15
知,2021-06-06 09:50,5,0
三,2019-06-18 23:59,5,14
诺,2019-06-07 23:09,0,0
m,2019-06-12 13:17,1,0
张,2021-07-10 17:23,0,0
匿,2019-06-13 02:32,1,0
上,2019-06-07 21:49,0,0
行,2019-12-16 00:29,4,0
木,2022-01-14 10:04,0,0
五,2019-12-22 22:23,1,0
自,2019-12-15 16:05,0,0
贝,2020-08-05 10:53,0,14
好,2022-01-13 17:59,0,14
豌,2021-06-10 16:10,0,15
小,2022-04-02 19:45,0,0
时,2019-12-29 14:14,0,15
匿,2020-04-29 03:26,1,15
帅,2022-06-25 08:10,0,0
评,2022-04-02 18:45,0,14
熙,2019-12-16 00:31,0,0
j,2022-06-21 09:50,0,15
匿,2021-07-23 16:41,0,0
依,2021-07-20 14:09,0,0
烟,2021-06-23 23:15,4,6
燕,2022-03-15 00:42,2,1
大,2022-01-18 12:17,1,0
欲,2021-06-05 16:54,1,4
p,2021-06-01 23:11,1,15
丢,2019-08-23 23:43,0,0
微,2021-06-01 19:23,0,0
渴,2019-10-05 02:01,0,15
无,2019-09-26 20:46,0,0
匿,2019-08-29 14:22,0,0
匿,2019-08-24 11:13,0,0
热,2019-08-23 23:22,0,0
安,2019-08-23 22:20,0,14
倪,2021-08-11 18:22,0,0
哈,2019-12-24 16:13,0,0
匿,2019-12-17 21:58,0,0
乔,2019-12-17 18:50,0,0
匿,2021-08-17 18:45,305,0
匿,2021-10-01 07:50,41,17
匿,2021-04-26 05:36,82,15
匿,2022-01-14 23:58,57,0
燕,2022-05-22 00:00,2,1
匿,2018-03-02 11:07,517,15
道,2016-10-12 12:43,288,14
有,2022-01-25 23:19,4,14
五,2016-03-23 15:33,170,15
J,2018-05-31 13:01,13,11
8,2016-12-09 12:22,76,0
兕,2018-05-24 22:14,58,4
一,2018-03-09 00:25,156,0
k,2018-07-28 15:56,2,0
燕,2022-03-15 00:44,1,1
漫,2020-12-19 21:44,84,4
紫,2021-01-21 13:54,3,14
沉,2020-12-29 15:46,14,6
不,2020-12-15 13:43,15,6
燕,2022-03-15 00:23,0,1
匿,2020-11-11 19:51,4656,6
匿,2020-11-20 20:11,22000,4
林,2020-11-13 13:06,597,11
疯,2020-11-10 17:07,1446,14
啊,2020-11-17 00:23,607,14
L,2021-06-15 22:07,1,0
知,2021-06-12 18:10,0,0
最,2021-06-12 18:20,1,0
汽,2021-06-12 19:16,0,15
全,2021-06-12 17:49,0,0
行,2021-02-28 13:29,12,6
i,2019-12-22 10:05,1,14
暖,2020-04-10 09:49,1,15
橙,2020-03-08 12:54,0,0
匿,2019-12-22 12:24,8,14
子,2022-01-06 08:32,0,0
A,2021-06-01 18:39,0,15
一,2021-04-25 20:18,0,15
匿,2019-12-22 09:35,0,0
K,2019-12-22 10:12,0,15
南,2022-04-04 19:02,0,0
未,2022-04-04 18:47,0,19
燕,2022-05-25 01:25,1,1
t,2022-03-20 10:39,1,15
李,2022-03-20 20:11,0,0
会,2022-04-14 14:39,0,6
内,2022-03-20 10:07,0,0
行,2018-11-03 21:58,0,0
燕,2022-06-12 01:07,1,1
三,2019-05-25 00:14,0,0
兔,2018-11-13 17:02,0,0
魔,2018-11-05 20:28,4,6
小,2021-04-19 12:40,0,0
黄,2021-01-26 17:30,0,6
珍,2021-01-15 09:06,0,0
不,2021-01-15 09:33,0,0
幸,2021-01-15 17:25,2,14
简,2021-01-15 15:41,1,0
梨,2021-01-15 10:50,0,0
t,2021-01-15 15:00,0,15
水,2021-01-18 17:43,0,15
安,2021-01-15 02:19,0,0
燕,2022-07-16 00:02,2,1
苏,2021-12-16 13:43,0,0
s,2021-12-12 22:43,0,0
知,2021-12-07 22:09,0,15
匿,2021-12-10 00:08,5,4
午,2022-05-16 21:33,0,14
有,2021-09-05 08:45,4,15
u,2021-09-01 18:10,0,15
中,2021-09-01 08:29,1,14
菲,2021-09-06 00:15,0,0
萍,2021-10-29 23:06,0,15
匿,2021-09-01 08:23,0,0
太,2021-12-09 09:54,37,0
小,2022-01-06 21:20,1,0
萌,2018-10-11 08:29,14,15
才,2018-10-09 09:43,0,0
小,2018-10-10 21:20,1,0
小,2022-05-18 16:55,1,14
燕,2022-05-21 18:46,55,1
一,2022-01-11 23:46,0,0
K,2021-11-09 15:41,78,0
碾,2021-08-14 18:00,51,0
鲁,2022-05-23 13:12,0,15
夏,2021-08-22 23:29,4,0
清,2021-08-15 12:10,7,0
孤,2021-08-29 16:44,3,0
云,2021-08-13 22:13,0,0
北,2021-08-21 00:20,7,0
老,2021-08-17 10:59,6,0
S,2021-12-04 15:38,4,15
彭,2021-08-16 18:44,4,0
韦,2022-06-10 23:03,14,15
居,2022-03-07 19:12,64,4
赛,2022-04-25 15:27,8,15
匿,2022-07-10 07:18,77,6
R,2022-06-30 21:54,14,4
王,2021-08-16 18:48,19000,15
墨,2022-06-15 20:53,13000,14
盐,2022-01-01 11:33,46,5
瞄,2021-08-23 13:26,3759,14
末,2021-08-18 15:39,1736,0
燕,2022-01-27 00:06,7,1
小,2021-07-06 14:43,0,0
e,2021-06-16 05:01,1,15
星,2021-06-23 19:29,1,14
以,2021-06-24 16:17,0,0
知,2021-05-07 08:46,26,15
匿,2021-05-12 11:11,108,4
匿,2021-05-08 14:06,17,0
扬,2021-05-08 15:21,1,0
小,2021-05-09 17:33,13,4
燕,2022-03-15 00:17,0,1
卷,2021-05-07 11:51,5,0
蛋,2021-05-08 14:54,3,0
坚,2021-05-14 22:52,1,0
开,2021-05-09 09:18,1,14
傅,2022-03-16 10:34,2,6
庄,2022-07-29 21:00,0,4
匿,2022-03-16 12:47,0,15
S,2022-03-15 20:53,0,0
今,2021-08-16 15:08,10,4
三,2021-01-18 22:15,4,11
S,2020-11-30 19:24,0,0
安,2020-11-24 13:24,0,0
没,2020-12-10 12:55,0,0
伏,2021-08-16 18:22,0,0
小,2021-06-17 09:20,0,15
A,2020-12-06 12:12,0,0
三,2020-11-25 22:55,0,0
宁,2020-11-24 09:29,0,15
匿,2019-07-11 22:51,2,0
大,2021-10-04 07:59,0,15
z,2021-09-28 17:43,1,0
小,2021-09-27 10:58,0,15
开,2021-09-26 12:50,1,0
匿,2021-09-24 05:43,0,0
匿,2022-06-19 17:27,0,4
匿,2022-05-06 23:48,0,0
韩,2019-06-11 18:04,0,0
小,2019-06-12 08:24,0,14
小,2019-06-11 20:41,1,15
匿,2019-06-22 15:28,2,0
S,2019-06-13 00:54,0,0
粒,2019-06-11 20:10,0,15
无,2019-07-03 02:02,1,15
我,2019-06-15 23:36,1,14
生,2019-07-07 09:38,1,0
阿,2021-10-07 12:03,0,0
等,2019-07-04 09:48,0,14
白,2021-08-27 14:21,0,0
李,2019-07-16 23:40,0,0
思,2019-07-08 22:33,0,0
1,2019-07-06 08:33,0,15
不,2019-06-24 21:31,0,0
匿,2019-06-16 05:05,0,15
知,2019-06-15 20:09,0,0
杞,2019-06-11 19:15,0,15
磊,2019-05-23 14:18,0,0
匿,2019-05-23 12:05,0,0
这,2021-08-28 09:53,17,6
渐,2021-08-06 20:13,2,14
渡,2021-08-09 04:27,2,0
东,2021-08-12 08:16,6,15
谛,2021-08-08 00:34,0,15
火,2021-08-03 20:37,3,15
心,2021-08-08 14:30,1,15
绿,2021-07-30 19:43,2,0
重,2021-08-07 10:08,0,14
钩,2021-08-07 01:23,2,15
燕,2022-03-19 21:34,0,1
蒲,2021-02-08 10:17,0,0
t,2021-02-08 10:33,1,15
T,2021-02-08 13:52,0,0
远,2021-02-08 13:21,0,15
猫,2021-08-27 01:14,2,6
燕,2022-03-15 00:50,2,1
基,2021-08-26 10:56,0,0
后,2021-09-06 08:08,1,0
腰,2021-09-05 16:43,1,0
燕,2022-07-30 00:01,0,1
小,2022-07-28 15:17,0,14
轻,2021-10-09 09:35,2,6
李,2021-10-09 10:06,0,0
夏,2021-10-09 11:13,2,6
喵,2021-10-10 10:23,0,0
A,2021-10-09 18:50,0,0
巴,2021-10-09 00:37,0,15
七,2021-10-09 02:27,0,6
相,2021-10-09 10:22,0,0
小,2021-10-09 17:28,0,14
A,2021-11-14 13:18,0,0
s,2021-10-19 16:55,0,0
匿,2021-10-09 19:54,0,6
乐,2021-10-09 11:56,0,0
莫,2021-10-09 13:40,0,15
美,2021-09-25 12:51,0,15
小,2021-10-01 00:20,0,15
微,2021-09-25 10:46,0,0
远,2021-09-27 17:22,0,0
蛋,2021-09-26 08:15,0,0
原,2021-09-23 06:10,0,15
网,2022-06-05 02:38,1,15
黄,2022-06-05 03:18,1,14
法,2022-06-05 09:38,2,15
遥,2022-06-05 01:12,2,6
m,2022-06-05 13:29,1,0
h,2022-06-24 16:12,0,15
东,2022-06-08 10:56,0,0
大,2022-06-07 20:38,0,6
C,2022-06-06 12:59,0,0
双,2022-06-06 11:57,0,15
阿,2022-06-05 16:39,0,6
匿,2022-06-05 15:24,0,0
k,2022-06-05 15:01,0,15
美,2022-06-05 09:07,0,0
轻,2022-06-05 00:17,0,0
燕,2022-06-18 01:35,0,1
T,2020-12-14 15:13,3,0
明,2020-12-16 19:56,0,15
三,2020-10-27 18:13,3,0
M,2020-10-25 21:51,8,0
讼,2022-01-13 16:24,5,8
s,2021-04-05 14:02,1,0
E,2021-04-07 08:19,1,0
起,2021-04-06 19:49,0,0
没,2022-02-16 16:23,0,0
小,2022-03-03 21:08,2,0
鲁,2021-04-09 18:43,0,15
燕,2022-03-15 00:45,0,1
浅,2021-12-08 13:58,0,0
魄,2018-04-10 13:02,5,15
途,2018-04-26 17:08,10,15
神,2018-05-05 00:09,11,15
匿,2018-04-14 00:51,19,14
知,2018-06-19 16:44,2,14
z,2018-05-04 23:38,5,15
五,2018-04-11 09:53,4,0
四,2018-05-05 18:09,5,0
尼,2018-04-05 21:36,3,0
圆,2018-04-09 08:13,3,0
z,2018-04-09 11:30,2,0
知,2018-05-10 16:58,3,14
S,2018-04-09 10:02,10,0
萧,2018-05-02 15:34,1,14
尚,2018-05-03 09:08,0,15
燕,2022-03-15 00:52,0,1
匿,2018-06-01 01:21,8,15
匿,2020-04-24 09:22,1,0
匿,2019-07-27 22:51,1,0
匿,2020-03-15 11:35,0,15
错,2021-11-13 11:24,0,0
L,2021-11-13 08:20,3,0
樱,2021-12-15 22:24,0,0
顾,2021-11-19 04:28,0,15
嫲,2021-11-15 23:13,0,15
十,2021-11-15 21:21,0,0
用,2021-11-12 14:12,0,0
李,2022-06-30 09:20,2,6
换,2021-12-09 23:31,1,0
一,2021-11-11 22:11,1,6
匿,2022-05-08 00:50,0,14
我,2021-12-13 15:46,0,0
爽,2021-12-06 23:15,0,0
谦,2021-11-22 11:07,0,0
我,2021-11-20 16:57,0,0
学,2021-11-20 16:51,0,0
雁,2021-11-20 12:55,0,0
百,2021-11-19 11:04,0,14
笑,2021-11-18 10:15,0,14
蟋,2021-11-18 08:48,0,15
车,2021-09-14 09:21,1,0
发,2022-05-01 14:30,0,11
晚,2022-03-30 10:25,0,14
B,2021-09-15 07:41,0,0
喝,2021-09-14 17:51,0,0
不,2021-09-14 17:14,0,15
长,2021-09-14 13:23,0,0
a,2021-09-14 12:35,0,0
遇,2021-09-14 09:11,0,0
易,2021-09-27 11:29,0,0
孤,2022-04-01 21:59,0,0
图,2021-08-16 09:14,0,0
符,2021-08-17 09:52,3,0
落,2021-08-14 01:00,1,15
一,2021-08-13 15:18,1,0
家,2021-08-13 11:16,1,0
长,2021-08-17 00:22,0,15
0,2021-08-27 07:12,0,0
机,2021-08-20 18:34,1,0
高,2021-09-29 00:33,0,0
唧,2021-08-16 08:12,0,0
小,2021-08-14 11:03,0,15
燕,2022-03-15 00:31,0,1
涛,2021-06-13 09:18,0,0
小,2022-03-08 11:12,1,14
知,2021-09-09 12:46,1,15
知,2021-06-13 10:19,1,14
喜,2021-09-24 14:12,0,15
汉,2021-06-09 13:52,14,14
清,2021-09-24 12:04,2,6
错,2021-12-11 09:33,3,11
薄,2021-12-28 14:16,1,0
匿,2021-06-08 18:08,1,15
空,2021-06-13 00:19,1,15
会,2021-06-05 15:33,1,0
鱼,2022-06-03 15:33,0,14
c,2021-12-07 11:34,0,0
燕,2022-07-31 23:24,0,1
灞,2022-08-01 17:39,0,0
星,2022-08-01 14:05,0,0
向,2022-08-01 12:35,0,0
思,2018-10-05 18:14,5,0
雪,2018-10-08 09:21,0,0
瑞,2021-08-19 11:26,1,15
百,2021-08-21 01:47,0,0
简,2020-02-04 00:14,0,0
秋,2020-01-29 00:29,0,0
光,2019-03-06 17:24,0,15
h,2019-03-15 11:11,0,0
夜,2019-03-07 13:32,0,15
张,2019-03-06 16:56,0,15
星,2019-03-08 11:58,0,0
奥,2022-03-07 19:46,1,3
富,2022-06-07 10:26,0,0
富,2021-08-23 17:02,0,0
蓝,2022-05-23 23:11,1,14
奥,2022-03-07 19:46,1,3
富,2022-06-07 10:26,0,0
富,2021-08-23 17:02,0,0
蓝,2022-05-23 23:11,1,14
奥,2022-03-07 19:46,1,3
富,2022-06-07 10:26,0,0
富,2021-08-23 17:02,0,0
蓝,2022-05-23 23:11,1,14
奥,2022-03-07 19:46,1,3
富,2022-06-07 10:26,0,0
富,2021-08-23 17:02,0,0
蓝,2022-05-23 23:11,1,14
奥,2022-03-07 19:46,1,3
富,2022-06-07 10:26,0,0
富,2021-08-23 17:02,0,0
蓝,2022-05-23 23:11,1,14
奥,2022-03-07 19:46,1,3
富,2022-06-07 10:26,0,0
富,2021-08-23 17:02,0,0
蓝,2022-05-23 23:11,1,14
奥,2022-03-07 19:46,1,3
富,2022-06-07 10:26,0,0
富,2021-08-23 17:02,0,0
蓝,2022-05-23 23:11,1,14
奥,2022-03-07 19:46,1,3
富,2022-06-07 10:26,0,0
富,2021-08-23 17:02,0,0
蓝,2022-05-23 23:11,1,14
